id,purpose,source,author,license,status,checked_at,local_path,license_path,sha256,notes
base-world,岛屿和对应基础素材,final-mit-public:games/mosslight/assets/xi4u-LICENSE.txt,AC,MIT,来源已核对待导入,2026-10-07,,,,导入时记录许可覆盖的具体文件集合
base-font,世界固定UI字体,final-mit-public:games/mosslight/assets/fonts/NOTICE.md,Noto Sans SC contributors,OFL-1.1,来源已核对待导入,2026-10-07,,,,有限字符子集不保证覆盖用户任意文本
base-portraits,角色头像与形象,final-mit-public:games/mosslight,待按具体资源核对,待按文件映射确认,待核对具体资源,2026-10-07,,,,不能把根MIT自动套到所有第三方资源
icons-lucide,操作图标,https://lucide.dev/license,Lucide and Feather contributors,ISC及部分派生图标MIT,候选未下载,2026-10-07,,,,采用时保留完整适用声明
ui-kenney,备用界面资源,https://kenney.nl/assets/ui-pack,Kenney,CC0,候选未下载,2026-10-07,,,,仅选择缺少的具体资源
fx-confetti,庆祝动效候选,https://github.com/catdad/canvas-confetti/blob/master/LICENSE,Kiril Vatev,ISC,候选未引入,2026-10-07,,,,优先现有CSS和Canvas实现
brand-mark,应用图标与字标,项目原创SVG,项目作者,随项目新作许可记录,待制作,,,,,名称暂定创作岛
welcome-art,欢迎插画,内置imagegen,生成来源待记录,生成来源及适用条款待记录,待生成,,,,,使用实际世界参考且不生成文字
empty-art,三种空状态插画,SVG或内置imagegen,制作来源待记录,依实际制作方式登记,待制作,,,,,无作品及无搜索结果及失败
work-cards,三种作品卡面,项目SVG或Canvas,项目作者,随项目新作许可记录,待制作,,,,,标题和主题驱动
showcase-model,六个展示位共用结构,项目Godot几何体或有许可模型,依采用来源记录,依采用来源记录,待制作,,,,,同一资源实例化且作品内容留应用层
